Spoken_Volume_ID,Track_ID,Loudness,Instrumentalness,Speechiness,Acousticness
0,0,-6.679,0.00233,0.177,0.00836
1,1,-5.815,0.000687,0.0302,0.0869
2,2,-3.93,0.0469,0.0522,0.0425
3,3,-5.81,0.509,0.026,1.51E-05
4,4,-8.627,0,0.171,0.0253
5,5,-5.852,0.0869,0.0372,0.0229
6,6,-7.185,0.262,0.0629,0.012
7,7,-5.886,0.081,0.0313,0.00799
8,8,-3.34,0.103,0.0465,0.00343
9,9,-7.176,0.0811,0.162,0.0315
10,10,-2.788,0.00165,0.027,0.0021
11,11,-13.496,0.000105,0.0459,0.0576
12,12,-3.442,0,0.0456,0.0179
13,13,-4.803,0.00274,0.0295,0.0779
14,14,-3.265,0.000202,0.0574,0.00316
15,15,-3.674,1.75E-05,0.0499,0.116
16,16,-2.36,8.59E-06,0.0437,0.0193
17,17,-4.938,0.00355,0.107,0.0264
18,18,-9.919,0.086,0.0476,0.00244
19,19,-6.777,0.0199,0.0716,0.0722
20,20,-2.776,0,0.347,0.26
21,21,-7.961,3.20E-05,0.466,0.0253
22,22,-6.672,0.00608,0.41,0.0322
23,23,-3.012,1.30E-05,0.342,0.0444
24,24,-2.93,0.00146,0.354,0.0153
25,25,-4.763,7.88E-05,0.231,0.206
26,26,-3.908,0.000363,0.317,0.353
27,27,-4.221,0,0.261,0.0714
28,28,-2.522,0,0.302,0.244
29,29,-3.529,0,0.308,0.368
30,30,-8.412,0.008,0.0298,0.00277
31,31,-9.793,6.40E-06,0.0262,0.0522
32,32,-9.108,0.421,0.035,0.00067
33,33,-3.751,0.00101,0.0413,5.36E-06
34,34,-9.47,0.00624,0.0256,0.0184
35,35,-9.15,0.0801,0.0619,0.000668
36,36,-6.145,0.00528,0.0703,0.00631
37,37,-2.96,0.000836,0.0754,1.15E-05
38,38,-6.005,0.00164,0.0342,0.000926
39,39,-3.448,0.0202,0.045,2.42E-05
40,40,-7.227,0.000121,0.0281,0.00239
41,41,-7.115,3.23E-06,0.0287,0.0954
42,42,-10.506,0.0517,0.0281,0.748
43,43,-6.769,1.44E-05,0.0317,0.0498
44,44,-7.224,1.46E-05,0.0243,0.731
45,45,-6.474,0.00197,0.0279,0.00617
46,46,-6.761,8.75E-05,0.0268,0.0509
47,47,-6.487,6.92E-06,0.0377,0.211
48,48,-6.268,0,0.0406,0.0114
49,49,-8.74,0.00196,0.0338,0.164
50,50,-8.966,1.07E-06,0.038,0.0426
51,51,-8.618,0,0.133,0.0194
52,52,-9.516,0.619,0.0271,0.0422
53,53,-9.404,1.77E-06,0.0403,0.0378
54,54,-5.311,0.889,0.15,0.00356
55,55,-8.898,0.00263,0.144,0.0427
56,56,-12.673,0.72,0.0986,0.44
57,57,-7.828,0.00114,0.057,0.0839
58,58,-13.928,0.949,0.045,0.479
59,59,-8.398,0.867,0.0332,0.048
60,60,-5.87,0,0.0584,0.00958
61,61,-4.153,0,0.0381,0.0046
62,62,-5.285,1.64E-06,0.0324,0.0141
63,63,-4.254,0,0.166,0.0603
64,64,-4.419,1.32E-06,0.0491,0.0014
65,65,-3.554,0,0.131,0.111
66,66,-3.647,0,0.0508,0.114
67,67,-3.994,0,0.113,0.00022
68,68,-5.565,3.20E-06,0.0337,0.0466
69,69,-4.45,0,0.0534,0.0143
70,70,-9.935,0.000133,0.0372,0.0097
71,71,-10.654,0.00361,0.0278,0.0577
72,72,-9.129,9.32E-05,0.0258,0.0638
73,73,-11.782,0.0176,0.0256,0.0724
74,74,-11.357,0.122,0.0349,0.224
75,75,-8.025,0.756,0.0387,0.772
76,76,-6.085,0.00416,0.0479,0.108
77,77,-12.592,0.0997,0.0297,0.167
78,78,-6.913,0.012,0.0862,0.000401
79,79,-9.785,0.579,0.0342,0.832
80,80,-4.793,0.00158,0.133,0.061
81,81,-5.175,0.0117,0.0364,0.000147
82,82,-5.678,0.00965,0.047,0.011
83,83,-5.509,0.000513,0.0574,0.00287
84,84,-5.218,0.000108,0.302,0.153
85,85,-4.768,0.0055,0.0475,0.00532
86,86,-4.881,0.00245,0.17,0.214
87,87,-5.303,0.0879,0.0747,0.000239
88,88,-3.551,0.0538,0.0894,0.133
89,89,-2.356,0.0118,0.0615,0.000998
90,90,-6.375,0,0.0265,0.0873
91,91,-5.282,0,0.0325,0.176
92,92,-3.222,0,0.178,0.111
93,93,-8.685,0,0.179,0.186
94,94,-8.784,0.0237,0.191,0.0206
95,95,-3.15,0,0.181,0.0093
96,96,-2.273,1.76E-05,0.185,0.00789
97,97,-6.857,2.29E-05,0.0735,0.00474
98,98,-6.968,0.000758,0.0561,0.0295
99,99,-6.047,2.39E-05,0.132,0.203
100,100,-9.62,0.0436,0.0541,0.0173
101,101,-2.675,0,0.176,0.0784
102,102,-9.03,0.000353,0.0473,0.0242
103,103,-3.947,0.468,0.0751,0.247
104,104,-12.521,9.91E-05,0.0353,0.179
105,105,-9.875,0.0461,0.089,0.126
106,106,-5.539,0.00837,0.129,0.205
107,107,-2.383,0.00224,0.0582,0.153
108,108,-4.523,5.50E-05,0.147,0.0544
109,109,-6.212,1.79E-06,0.0435,0.132
110,110,-7.273,0.000302,0.0489,0.346
111,111,-4.005,0,0.0917,0.0273
112,112,-5.006,0,0.0838,0.0048
113,113,-7.079,0,0.03,0.00144
114,114,-3.078,0,0.0425,0.000334
115,115,-6.177,2.01E-06,0.0506,0.0281
116,116,-6.859,0,0.138,0.0528
117,117,-3.889,0.000216,0.0945,0.00162
118,118,-4.569,0,0.0274,0.00462
119,119,-4.76,0,0.311,0.00144
120,120,-3.798,0,0.266,0.209
121,121,-2.827,0,0.0738,0.00286
122,122,-4.244,0,0.0572,0.0302
123,123,-3.138,0,0.0564,0.0215
124,124,-3.237,0,0.186,0.0622
125,125,-4.325,2.34E-06,0.238,0.0371
126,126,-5.034,0,0.227,0.241
127,127,-5.26,0,0.342,0.145
128,128,-4.164,3.05E-06,0.137,0.0017
129,129,-1.19,0,0.264,0.529
130,130,-4.662,0,0.183,0.219
131,131,-5.173,0.000153,0.212,0.337
132,132,-3.105,0,0.0571,0.0642
133,133,-3.751,1.45E-06,0.0596,0.00721
134,134,-6.338,6.73E-06,0.0444,0.276
135,135,-6.371,0,0.0452,0.199
136,136,-6.635,0,0.112,0.0541
137,137,-7.949,0,0.366,0.0195
138,138,-8.155,0,0.0359,0.432
139,139,-5.913,1.57E-06,0.13,0.453
140,140,-10.109,0,0.0333,0.934
141,141,-4.673,0.0127,0.0455,0.121
142,142,-3.093,4.96E-06,0.0853,0.256
143,143,-6.351,1.66E-05,0.0421,0.199
144,144,-7.665,0,0.243,0.549
145,145,-10.278,0.334,0.097,0.0765
146,146,-11.462,0.000162,0.425,0.33
147,147,-5.802,0.00209,0.0366,0.225
148,148,-8.114,0,0.186,0.124
149,149,-5.626,0,0.0449,0.0956
150,150,-5.6,0,0.0493,0.274
151,151,-4.207,1.23E-06,0.0459,0.419
152,152,-4.654,0,0.317,0.234
153,153,-5.892,0,0.0707,0.284
154,154,-6.408,0,0.147,0.0062
155,155,-5.282,0,0.0325,0.176
156,156,-11.589,1.11E-05,0.0792,0.35
157,157,-2.921,3.05E-05,0.0776,0.187
158,158,-7.786,0.000149,0.0641,0.269
159,159,-11.059,1.81E-06,0.0308,0.5
160,160,-5.134,0,0.0434,0.00473
161,161,-4.718,0,0.0379,0.0257
162,162,-4.802,0,0.0505,0.000735
163,163,-5.232,0,0.213,0.00413
164,164,-4.845,0.0086,0.0744,0.000417
165,165,-4.212,0,0.0766,0.00021
166,166,-4.757,0,0.146,0.214
167,167,-4.122,0,0.0315,0.00156
168,168,-6.695,0,0.0358,0.0693
169,169,-6.689,5.92E-05,0.0345,0.05
170,170,-5.298,0.00106,0.056,0.0338
171,171,-5.83,0,0.0511,0.443
172,172,-6.909,0,0.0937,0.228
173,173,-3.167,0,0.153,0.0913
174,174,-5.021,0,0.38,0.523
175,175,-4.832,0,0.145,0.183
176,176,-2.867,0,0.0306,0.531
177,177,-6.042,0,0.0385,0.282
178,178,-7.768,0,0.161,0.161
179,179,-11.937,0,0.0831,0.246
180,180,-10.484,0.00248,0.0347,0.0339
181,181,-8.339,0,0.0322,0.631
182,182,-11.913,0.248,0.0393,0.0302
183,183,-11.83,0,0.0326,0.879
184,184,-9.198,7.74E-06,0.0452,0.641
185,185,-14.361,1.41E-05,0.0342,0.754
186,186,-11.359,0,0.0323,0.449
187,187,-7.7,1.38E-05,0.0261,0.0112
188,188,-5.549,0,0.0476,0.386
189,189,-10.872,2.62E-06,0.0304,0.198
190,190,-3.206,0,0.161,0.191
191,191,-4.087,0,0.0981,0.0295
192,192,-5.797,0,0.0583,0.0921
193,193,-3.632,0,0.158,0.039
194,194,-3.035,0,0.0499,0.0124
195,195,-5.38,8.53E-05,0.056,0.0908
196,196,-4.317,0.0154,0.0581,0.00879
197,197,-8.401,0.000406,0.227,0.00684
198,198,-3.428,0,0.0884,0.0434
199,199,-6.422,0,0.243,0.0223
200,200,-2.862,0,0.117,0.0466
201,201,-4.675,0,0.0685,0.106
202,202,-5.112,1.62E-05,0.0986,0.109
203,203,-4.143,0,0.0352,0.614
204,204,-5.208,5.30E-06,0.0693,0.000624
205,205,-4.328,0,0.314,0.165
206,206,-3.04,0,0.225,0.067
207,207,-5.384,0,0.172,0.103
208,208,-5.993,0,0.0452,0.01
209,209,-7.14,0,0.118,0.0156
210,210,-14.062,0.000196,0.0275,0.941
211,211,-16.661,0.00104,0.0425,0.9
212,212,-16.982,0.0178,0.0422,0.968
213,213,-10.889,4.74E-06,0.0309,0.0422
214,214,-11.206,0.00585,0.0284,0.0993
215,215,-14.342,0.0121,0.0324,0.746
216,216,-7.744,2.79E-05,0.0368,0.00708
217,217,-10.014,1.40E-05,0.0726,0.332
218,218,-16.688,0.133,0.0334,0.716
219,219,-7.633,1.17E-05,0.165,0.573
220,220,-3.967,0,0.236,0.0394
221,221,-6.566,0.000891,0.225,0.00239
222,222,-3.052,1.21E-06,0.0417,0.0304
223,223,-5.968,0,0.247,0.0293
224,224,-3.585,0.00479,0.298,0.0578
225,225,-6.289,0,0.073,0.0453
226,226,-7.123,0,0.103,0.371
227,227,-7.013,0,0.425,0.144
228,228,-4.78,5.11E-05,0.138,0.0248
229,229,-2.238,3.47E-06,0.178,0.0442
230,230,-3.296,0,0.0955,0.0185
231,231,-6.685,0,0.206,0.0897
232,232,-3.872,0,0.219,0.19
233,233,-5.514,0,0.0864,0.11
234,234,-7.87,0,0.25,0.0988
235,235,-5.636,0.00137,0.03,0.0597
236,236,-6.268,0,0.135,0.246
237,237,-8.433,0,0.0512,0.0459
238,238,-8.051,0,0.196,0.213
239,239,-5.273,3.10E-05,0.152,0.416
240,240,-6.476,0,0.0327,0.0125
241,241,-4.378,0,0.317,0.255
242,242,-7.291,0,0.0866,0.858
243,243,-2.278,0,0.342,0.249
244,244,-5.429,0,0.304,0.0007
245,245,-9.39,0.00323,0.0826,0.0606
246,246,-8.659,0.00224,0.283,0.0391
247,247,-6.717,0,0.0718,0.0468
248,248,-6.689,5.92E-05,0.0345,0.05
249,249,-4.348,0,0.356,0.0435
250,250,-6.257,0,0.0331,0.483
251,251,-4.839,0.000373,0.0779,0.112
252,252,-2.88,6.07E-05,0.0499,0.0197
253,253,-6.589,1.32E-06,0.0386,0.102
254,254,-5.608,0.00143,0.105,0.0472
255,255,-4.931,6.72E-05,0.165,0.0799
256,256,-4.998,1.48E-05,0.0496,0.0117
257,257,-4.058,2.35E-05,0.234,0.495
258,258,-5.585,0.000143,0.0369,0.0224
259,259,-6.191,0,0.12,0.0215
260,260,-9.744,0.00428,0.0276,0.0644
261,261,-8.81,0.000822,0.0496,0.009
262,262,-10.991,0.01,0.0303,0.258
263,263,-5.12,0.00109,0.0378,0.0185
264,264,-22.32,0.000223,0.0318,0.883
265,265,-7.724,1.12E-05,0.0356,0.0393
266,266,-10.345,8.30E-05,0.0264,0.216
267,267,-14.745,0.0946,0.0296,0.111
268,268,-13.99,0.00771,0.0261,0.017
269,269,-12.825,0.385,0.0379,0.858
270,270,-6.514,0.000939,0.0428,0.358
271,271,-9.655,0.00899,0.0403,0.02
272,272,-7.011,0.000443,0.0323,0.295
273,273,-6.091,0.000163,0.0338,0.523
274,274,-6.748,0.000766,0.0371,0.574
275,275,-8.123,0,0.0257,0.163
276,276,-7.844,0.00396,0.0258,0.117
277,277,-4.682,8.18E-06,0.0471,0.395
278,278,-8.108,3.72E-06,0.0354,0.734
279,279,-8.274,6.35E-06,0.0288,0.457
280,280,-13.336,0,0.0595,0.903
281,281,-15.235,6.74E-06,0.0344,0.913
282,282,-13.119,0,0.0498,0.727
283,283,-7.458,0,0.0274,0.7
284,284,-12.902,0,0.0357,0.736
285,285,-11.957,0,0.0565,0.826
286,286,-14.256,0,0.0523,0.453
287,287,-8.275,0,0.0295,0.592
288,288,-14.151,0,0.0729,0.55
289,289,-17.62,6.20E-05,0.0328,0.945
290,290,-5.733,3.78E-06,0.097,0.0683
291,291,-4.627,2.23E-05,0.0435,0.0301
292,292,-3.748,0,0.0583,0.198
293,293,-4.923,0.000263,0.183,0.0607
294,294,-7.079,0.0192,0.232,0.414
295,295,-5.08,1.33E-06,0.177,0.00445
296,296,-2.273,1.76E-05,0.185,0.00789
297,297,-4.685,0.0871,0.0737,0.0836
298,298,-6.411,0.409,0.0775,0.00658
299,299,-2.867,0,0.045,0.374
300,300,-6.32,7.25E-05,0.0309,0.0354
301,301,-6.863,0.121,0.179,0.356
302,302,-4.615,0.00018,0.113,0.0798
303,303,-9.119,6.25E-06,0.0286,0.432
304,304,-11.028,5.53E-06,0.0298,0.828
305,305,-8.824,2.87E-06,0.0344,0.149
306,306,-11.097,0.000243,0.0278,0.382
307,307,-5.584,8.90E-06,0.0363,0.102
308,308,-7.712,0.00141,0.0279,0.446
309,309,-2.018,2.36E-06,0.0357,0.243
310,310,-5.542,0,0.311,0.127
311,311,-1.538,0,0.392,0.0295
312,312,-4.254,0,0.166,0.0603
313,313,-1.802,0,0.29,0.281
314,314,-7.509,0.0178,0.105,0.246
315,315,-4.965,4.26E-05,0.158,0.139
316,316,-5.148,0,0.314,0.23
317,317,-4.751,0,0.307,0.552
318,318,-6.938,0,0.245,0.411
319,319,-5.442,3.59E-05,0.287,0.354
320,320,-6.005,0,0.0484,0.417
321,321,-9.342,1.86E-06,0.244,0.0503
322,322,-4.711,2.41E-06,0.175,0.000307
323,323,-5.567,8.66E-05,0.309,0.189
324,324,-6.652,0,0.116,0.0623
325,325,-6.439,1.04E-05,0.16,0.00574
326,326,-8.368,0,0.591,0.0201
327,327,-10.491,0,0.323,0.0127
328,328,-6.386,0,0.0512,0.01
329,329,-9.579,0,0.324,0.0635
330,330,-2.821,0,0.0465,0.145
331,331,-5.983,0,0.136,0.0515
332,332,-7.578,0,0.0399,0.0381
333,333,-5.542,0,0.311,0.127
334,334,-4.113,0,0.0549,0.118
335,335,-7.858,0,0.153,0.00564
336,336,-8.665,0.000445,0.0831,0.141
337,337,-6.724,0,0.522,0.376
338,338,-7.059,0,0.189,0.337
339,339,-5.572,0,0.348,0.0195
340,340,-3.683,2.36E-06,0.0427,0.148
341,341,-4.352,0,0.0309,0.237
342,342,-7.884,0,0.0264,0.46
343,343,-8.788,0,0.0344,0.291
344,344,-14.238,0,0.0277,0.0367
345,345,-7.643,0,0.0272,0.217
346,346,-8.121,0,0.0297,0.522
347,347,-8.546,0.00178,0.0304,0.571
348,348,-6.265,0,0.0351,0.161
349,349,-6.982,0,0.0269,0.645
350,350,-5.668,9.69E-06,0.141,0.0368
351,351,-6.596,0,0.226,0.00249
352,352,-6.398,6.59E-05,0.0998,0.00453
353,353,-5.039,2.71E-06,0.0795,0.0581
354,354,-5.908,0,0.0628,0.272
355,355,-5.248,0,0.0886,0.0848
356,356,-9.151,0.000106,0.26,0.281
357,357,-7.365,0,0.0263,0.779
358,358,-6.902,0.00106,0.0479,0.00972
359,359,-4.237,4.64E-05,0.143,0.00496
360,360,-4.348,1.38E-05,0.11,0.0462
361,361,-4.524,0,0.047,0.0326
362,362,-6.543,2.69E-06,0.0614,0.322
363,363,-3.725,0.000167,0.0554,0.0789
364,364,-6.538,0,0.0412,0.104
365,365,-4.787,0,0.153,0.198
366,366,-2.652,1.94E-06,0.0593,0.11
367,367,-5.479,1.00E-05,0.0623,0.16
368,368,-4.456,1.57E-06,0.0358,0.216
369,369,-4.782,0,0.0668,0.0715
370,370,-6.228,0.000238,0.0533,0.363
371,371,-5.718,0.000579,0.0893,0.524
372,372,-8.045,0.331,0.0376,0.00981
373,373,-6.142,0,0.079,0.25
374,374,-6.867,0,0.199,0.458
375,375,-6.542,0,0.0401,0.248
376,376,-6.779,8.16E-05,0.0698,0.127
377,377,-7.957,0,0.141,0.393
378,378,-6.863,0.000268,0.07,0.264
379,379,-3.702,7.83E-06,0.345,0.484
380,380,-3.743,0,0.0329,0.73
381,381,-4.439,6.18E-06,0.0477,0.127
382,382,-4.891,4.21E-06,0.179,0.118
383,383,-4.395,0,0.199,0.0328
384,384,-6.663,1.61E-05,0.0335,0.00948
385,385,-5.979,0,0.333,0.00473
386,386,-6.591,0,0.295,0.603
387,387,-5.706,0,0.279,0.176
388,388,-7.768,0,0.161,0.161
389,389,-5.134,0,0.286,0.0406
390,390,-4.615,0.00018,0.113,0.0798
391,391,-3.914,0.025,0.114,0.0249
392,392,-3.131,0.000678,0.0334,0.25
393,393,-5.745,0.000131,0.0307,0.202
394,394,-5.444,1.77E-05,0.0437,0.3
395,395,-3.766,0,0.0268,0.169
396,396,-5.226,0,0.0622,0.073
397,397,-5.215,0.000381,0.052,0.147
398,398,-5.294,0,0.0298,0.0485
399,399,-7.296,0,0.0339,0.0192
400,400,-3.955,6.98E-05,0.0343,0.00776
401,401,-5.904,0,0.0618,0.108
402,402,-5.612,0,0.299,0.441
403,403,-4.219,0,0.0701,0.143
404,404,-4.341,0,0.0522,0.337
405,405,-5.288,0,0.103,0.0291
406,406,-5.979,0,0.333,0.00473
407,407,-3.87,0,0.0648,0.327
408,408,-7.768,0,0.161,0.161
409,409,-3.822,0,0.217,0.562
410,410,-4.642,1.91E-06,0.0571,0.0584
411,411,-4.824,2.35E-05,0.0927,0.00762
412,412,-4.449,2.23E-05,0.0694,0.066
413,413,-4.657,4.32E-06,0.0944,0.166
414,414,-6.574,0.00143,0.167,0.119
415,415,-5.296,0,0.0325,0.00291
416,416,-5.4,0,0.256,0.108
417,417,-6.16,3.28E-06,0.039,0.382
418,418,-1.681,0,0.115,0.291
419,419,-6.585,0,0.0328,0.0902
420,420,-17.669,2.96E-05,0.0339,0.144
421,421,-14.516,0.000388,0.0482,0.92
422,422,-5.652,0,0.0324,0.271
423,423,-14.667,0,0.161,0.708
424,424,-7.699,0,0.243,0.493
425,425,-10.305,0,0.0391,0.228
426,426,-15.742,2.31E-06,0.0351,0.848
427,427,-13.062,0,0.162,0.814
428,428,-4.767,3.25E-05,0.0277,0.0864
429,429,-5.529,1.18E-06,0.0427,0.0635
430,430,-5.3,2.36E-06,0.259,0.152
431,431,-6.756,0,0.153,0.123
432,432,-3.425,1.74E-06,0.0489,0.166
433,433,-8.932,0,0.145,0.316
434,434,-4.456,0.000188,0.0459,0.0368
435,435,-7.405,0,0.0429,0.0166
436,436,-6.322,0.000213,0.0375,0.0388
437,437,-6.389,0.00101,0.0419,0.106
438,438,-4.298,0,0.0698,0.134
439,439,-10.8,0,0.0479,0.157
440,440,-6.065,0,0.095,0.253
441,441,-10.511,6.50E-06,0.0583,0.0862
442,442,-5.595,0,0.0906,0.144
443,443,-5.224,0,0.26,0.0631
444,444,-5.123,0,0.0476,0.194
445,445,-7.814,0.000102,0.0741,0.0753
446,446,-8.137,0,0.339,0.0511
447,447,-10.426,0,0.291,0.365
448,448,-9.253,0,0.399,0.387
449,449,-7.463,0,0.0384,0.164
450,450,-7.444,0,0.0317,0.022
451,451,-7.588,0,0.0353,0.139
452,452,-8.335,0,0.0364,0.457
453,453,-7.89,0,0.0601,0.0339
454,454,-4.315,0,0.306,0.0142
455,455,-8.524,2.01E-06,0.0325,0.323
456,456,-5.557,0,0.0625,0.0465
457,457,-9.37,0,0.029,0.735
458,458,-7.208,6.63E-06,0.0285,0.367
459,459,-7.266,0.000117,0.336,0.196
460,460,-9.875,1.43E-06,0.0303,0.635
461,461,-7.162,0,0.144,0.192
462,462,-10.272,0,0.0362,0.781
463,463,-8.042,0,0.039,0.111
464,464,-10.474,0,0.0308,0.767
465,465,-9.55,0,0.13,0.12
466,466,-6.733,0,0.0367,0.558
467,467,-11.008,0,0.0329,0.679
468,468,-7.663,0.000155,0.0375,0.278
469,469,-6.246,0,0.858,0.404
470,470,-9.428,0,0.836,0.181
471,471,-7.231,0,0.899,0.318
472,472,-9.557,0,0.761,0.269
473,473,-7.805,0,0.482,0.292
474,474,-10.423,0,0.865,0.563
475,475,-11.331,0,0.821,0.218
476,476,-11.386,0,0.909,0.403
477,477,-9.479,4.80E-06,0.483,0.226
478,478,-10.712,0,0.706,0.181
479,479,-6.525,0,0.0278,0.572
480,480,-7.642,0,0.0341,0.784
481,481,-6.861,0,0.0271,0.481
482,482,-7.842,0,0.0273,0.328
483,483,-9.016,0,0.0412,0.697
484,484,-5.353,0,0.0307,0.548
485,485,-7.588,0.000941,0.0412,0.627
486,486,-8.108,1.82E-05,0.0298,0.699
487,487,-8.343,3.73E-05,0.035,0.524
488,488,-2.87,0,0.0422,0.0663
489,489,-7.867,1.35E-05,0.028,0.738
490,490,-7.016,0,0.0325,0.71
491,491,-7.538,0.00165,0.0521,0.371
492,492,-7.162,0,0.144,0.192
493,493,-6.438,0.000466,0.0269,0.927
494,494,-9.422,2.84E-05,0.0336,0.245
495,495,-12.359,1.62E-06,0.0377,0.863
496,496,-7.521,3.17E-06,0.0276,0.234
497,497,-6.394,0,0.0828,0.273
498,498,-8.666,0,0.0281,0.293
499,499,-15.882,0.000694,0.0428,0.0782
500,500,-15.73,0.0114,0.0414,0.735
501,501,-13.814,0.896,0.0345,0.767
502,502,-12.595,0.312,0.0286,0.15
503,503,-10.422,0.00199,0.144,0.024
504,504,-15.142,0.728,0.0346,0.389
505,505,-11.79,0.0043,0.0841,0.521
506,506,-14.976,0.00216,0.0293,0.223
507,507,-13.398,0.341,0.0302,0.0732
508,508,-14.526,0.559,0.0303,0.862
509,509,-3.908,0.0015,0.119,0.000278
510,510,-4.151,0.00249,0.0536,0.000264
511,511,-3.277,1.10E-06,0.0336,0.362
512,512,-4.217,0.0346,0.0567,0.000915
513,513,-2.688,0,0.14,0.00662
514,514,-2.693,0.00215,0.261,0.00167
515,515,-2.333,0,0.0877,0.0283
516,516,-4.096,0.000412,0.0489,0.0303
517,517,-5.132,0.0168,0.0381,0.0324
518,518,-3.252,8.31E-05,0.135,0.0202
519,519,-3.205,8.71E-06,0.0602,0.00293
520,520,-2.042,7.86E-05,0.0639,2.64E-05
521,521,-7.844,0,0.0302,0.183
522,522,-5.146,0,0.0314,0.023
523,523,-4.095,2.94E-05,0.0294,0.00552
524,524,-4.236,0,0.034,0.0175
525,525,-4.939,0,0.0355,0.0518
526,526,-3.409,0,0.0342,0.000143
527,527,-3.451,2.55E-06,0.0362,0.000659
528,528,-5.429,2.00E-05,0.302,0.00133
529,529,-10.634,0.961,0.0376,0.934
530,530,-25.398,0.89,0.0578,0.961
531,531,-31.544,0.878,0.0579,0.991
532,532,-38.901,0.957,0.0482,0.994
533,533,-32.309,0.923,0.0378,0.986
534,534,-34.977,0.931,0.0519,0.992
535,535,-28.556,0.953,0.054,0.991
536,536,-39.627,0.951,0.0515,0.992
537,537,-13.593,0.856,0.0332,0.965
538,538,-29.933,0.919,0.0422,0.987
539,539,-3.727,0.00517,0.0439,0.0492
540,540,-4.046,0.064,0.0775,0.000202
541,541,-4.046,1.02E-05,0.0321,0.000436
542,542,-4.852,0.0026,0.0575,0.000456
543,543,-5.301,0.0122,0.142,0.000273
544,544,-5.883,0.00686,0.0556,0.00242
545,545,-7.665,0.00419,0.0718,0.127
546,546,-3.426,0.041,0.0341,0.00114
547,547,-4.232,0.000402,0.05,6.94E-06
548,548,-6.76,0.0162,0.0323,0.00819
549,549,-7.583,0.000163,0.0249,0.397
550,550,-3.879,0,0.0384,0.0868
551,551,-5.163,0,0.0345,0.172
552,552,-3.674,0.0101,0.0327,0.000202
553,553,-10.613,1.02E-05,0.0429,0.0115
554,554,-2.962,3.37E-05,0.0458,0.435
555,555,-10.961,0.0296,0.0378,0.00298
556,556,-5.434,8.27E-05,0.037,0.0645
557,557,-3.947,0,0.0558,0.583
558,558,-5.792,0.000496,0.0287,0.0516
559,559,-3.026,0.000294,0.168,0.000237
560,560,-2.997,5.44E-06,0.171,0.0177
561,561,-3.889,0.00275,0.0887,0.00269
562,562,-1.58,0.000112,0.107,0.00174
563,563,-4.119,0,0.104,0.00208
564,564,-2.188,0.0253,0.0469,0.000118
565,565,-2.865,0.000881,0.0648,0.00591
566,566,-5.723,0.0095,0.0425,0.012
567,567,-2.587,4.66E-05,0.126,0.000467
568,568,-8.517,0.000424,0.0291,0.334
569,569,-4.097,0,0.0406,0.000509
570,570,-3.254,2.61E-06,0.0628,0.0665
571,571,-5.506,1.96E-06,0.031,0.0689
572,572,-3.786,0.0509,0.039,0.458
573,573,-3.366,1.31E-05,0.0381,2.31E-05
574,574,-2.865,0.0121,0.0391,6.31E-05
575,575,-3.506,1.13E-06,0.0481,0.146
576,576,-8.666,0,0.0328,0.305
577,577,-2.605,0.00284,0.041,0.0864
578,578,-6.396,2.16E-06,0.0279,0.274
579,579,-9.267,0.00244,0.0926,0.0493
580,580,-4.142,0.137,0.0354,0.0436
581,581,-7.89,0.0317,0.0338,0.0383
582,582,-8.277,0.039,0.031,0.447
583,583,-9.237,0,0.214,0.518
584,584,-3.864,0.000778,0.0308,0.39
585,585,-6.128,0.000152,0.0291,0.67
586,586,-6.517,0.0107,0.0255,0.687
587,587,-4.746,0.0215,0.0392,0.443
588,588,-9.686,6.36E-05,0.0594,0.64
589,589,-16.457,0.982,0.042,0.951
590,590,-16.806,0.696,0.0323,0.178
591,591,-12.478,0.834,0.0289,0.0404
592,592,-27.788,0.964,0.0348,0.927
593,593,-30.777,0.929,0.0425,0.933
594,594,-13.124,0.838,0.0322,0.00145
595,595,-16.949,0.928,0.0351,0.59
596,596,-19.155,0.633,0.0396,0.516
597,597,-15.954,0.964,0.0356,0.528
598,598,-19.007,0.95,0.0329,0.433
599,599,-4.647,0.000246,0.0854,0.000249
600,600,-4.277,0.205,0.0377,1.33E-05
601,601,-5.116,0.827,0.079,9.91E-06
602,602,-6.475,0.0759,0.027,0.000824
603,603,-3.663,0.00691,0.0537,0.000362
604,604,-6.412,0.1,0.0421,0.0185
605,605,-7.416,0.0606,0.0354,0.00273
606,606,-6.13,0.0001,0.0945,0.0001
607,607,-4.938,0.211,0.0824,0.00122
608,608,-4.241,0.0411,0.112,1.94E-05
609,609,-4.918,0,0.0488,0.0103
610,610,-7.419,0.000378,0.0692,0.0126
611,611,-6.547,5.33E-06,0.0339,0.00103
612,612,-4.344,0,0.0411,0.000715
613,613,-3.117,0,0.0518,0.0044
614,614,-5.803,0,0.0348,0.034
615,615,-4.563,0,0.0869,0.000324
616,616,-5.952,0,0.0917,0.103
617,617,-5.122,0,0.0954,0.0017
618,618,-4.939,2.14E-05,0.0356,0.00165
619,619,-8.548,0.00016,0.1,0.36
620,620,-10.477,4.41E-06,0.0676,0.00916
621,621,-8.375,0,0.103,0.11
622,622,-10.981,5.25E-05,0.306,0.107
623,623,-8.651,5.26E-06,0.308,0.142
624,624,-9.598,0,0.366,0.0673
625,625,-10.743,0,0.0387,0.608
626,626,-11.489,2.21E-05,0.327,0.0279
627,627,-12.618,4.76E-05,0.319,0.0503
628,628,-9.352,0.0236,0.0599,0.272
629,629,-10.298,2.23E-06,0.0267,0.166
630,630,-6.491,0.49,0.0297,0.000678
631,631,-15.648,0.0176,0.053,0.209
632,632,-13.664,9.27E-05,0.0326,0.0726
633,633,-14.642,7.74E-05,0.0417,0.635
634,634,-7.44,0.0272,0.0605,0.0125
635,635,-5.577,9.20E-06,0.0483,0.00375
636,636,-11.75,0,0.0376,0.505
637,637,-11.209,0.000162,0.0348,0.0408
638,638,-11.616,0,0.0784,0.0478
639,639,-3.757,0.000214,0.0335,0.0778
640,640,-2.947,2.25E-06,0.0505,0.0663
641,641,-4.063,1.35E-05,0.0466,0.0263
642,642,-5.558,0,0.0312,0.117
643,643,-3.976,0.0146,0.0391,0.13
644,644,-5.599,0,0.0293,0.101
645,645,-4.321,1.91E-05,0.0637,0.00375
646,646,-5.432,0,0.0293,0.0532
647,647,-3.804,0,0.035,0.048
648,648,-7.749,0,0.0285,0.416
649,649,-3.323,0.00031,0.234,0.16
650,650,-2.429,0,0.27,0.0281
651,651,-1.299,0,0.0774,0.0827
652,652,-0.14,0,0.25,0.223
653,653,-4.521,0,0.452,0.0869
654,654,-4.238,0.00141,0.0956,0.0379
655,655,-4.361,1.00E-05,0.116,0.176
656,656,-4.441,1.20E-05,0.232,0.103
657,657,-3.488,0,0.207,0.172
658,658,-6.217,4.72E-05,0.111,0.000622
659,659,-7.028,2.28E-05,0.0277,0.0664
660,660,-7.516,0.00806,0.0374,0.201
661,661,-5.973,4.87E-06,0.0321,0.0586
662,662,-7.564,0.000218,0.0289,0.13
663,663,-9.289,0.00109,0.0751,0.583
664,664,-9.677,0.00837,0.0277,0.0312
665,665,-5.736,0.823,0.037,0.00532
666,666,-5.415,0.000583,0.0311,0.00804
667,667,-5.149,0.00236,0.0388,0.159
668,668,-7.734,0.0667,0.0389,0.0553
669,669,-11.822,0.355,0.0285,0.000202
670,670,-9.424,0.00191,0.0368,0.0135
671,671,-8.793,0.00104,0.0369,0.245
672,672,-6.495,0.00136,0.0499,0.014
673,673,-7.495,0.000564,0.0543,0.402
674,674,-9.581,0.0046,0.0366,0.00976
675,675,-7.201,0.000296,0.0316,0.00135
676,676,-8.967,2.78E-05,0.0497,0.0437
677,677,-3.974,0.00108,0.0613,0.000138
678,678,-8.398,0.038,0.0248,0.223
679,679,-4.609,1.31E-06,0.24,0.0476
680,680,-8.112,0.000366,0.0615,0.105
681,681,-5.943,0.306,0.164,0.437
682,682,-3.749,3.32E-06,0.158,0.0872
683,683,-6.837,0,0.398,0.177
684,684,-7.058,1.78E-06,0.114,0.12
685,685,-9.775,0,0.053,0.416
686,686,-5.789,0.00373,0.117,0.0127
687,687,-1.862,0.000862,0.153,0.286
688,688,-6.398,0,0.209,0.0939
689,689,-3.588,0,0.0492,0.126
690,690,-6.076,3.33E-05,0.0264,0.17
691,691,-4.889,0,0.0494,0.00811
692,692,-5.76,0,0.0313,0.34
693,693,-4.419,0,0.0308,0.0838
694,694,-3.564,0,0.0557,0.0683
695,695,-4.581,0,0.0272,0.155
696,696,-4.417,0,0.0519,0.292
697,697,-4.932,0,0.0302,0.0555
698,698,-7.578,0,0.024,0.425
699,699,-6.658,0.00585,0.039,0.0102
700,700,-3.275,1.22E-06,0.028,0.45
701,701,-3.444,2.49E-06,0.0369,0.00737
702,702,-5.735,5.62E-06,0.0235,0.113
703,703,-7.288,0,0.0292,0.435
704,704,-7.003,0.000146,0.0324,0.278
705,705,-6.913,4.82E-05,0.0352,0.524
706,706,-8.234,2.41E-06,0.0326,0.455
707,707,-4.973,3.70E-06,0.0289,0.143
708,708,-8.036,0.000103,0.0261,0.105
709,709,-9.256,0.00871,0.0343,0.0288
710,710,-19.793,0.00615,0.0436,0.113
711,711,-6.24,8.40E-05,0.0379,0.175
712,712,-5.586,9.86E-05,0.0255,0.076
713,713,-7.057,0.00178,0.0251,0.0178
714,714,-12.503,4.11E-06,0.0315,0.729
715,715,-4.253,0.23,0.0316,0.00469
716,716,-10.911,0.17,0.0333,0.0182
717,717,-13.212,8.88E-05,0.0467,0.44
718,718,-8.755,8.94E-06,0.0275,0.156
719,719,-2.986,0,0.0455,0.0755
720,720,-6.662,0,0.0343,0.659
721,721,-6.483,3.96E-06,0.0272,0.605
722,722,-5.206,0,0.047,0.0771
723,723,-11.996,0.000473,0.0346,0.797
724,724,-8.912,2.54E-05,0.0397,0.703
725,725,-12.878,0.00139,0.0427,0.108
726,726,-7.599,0,0.15,0.0994
727,727,-6.126,0,0.159,0.159
728,728,-5.009,1.63E-05,0.0326,0.465
729,729,-3.439,0,0.28,0.145
730,730,-7.247,0,0.273,0.43
731,731,-4.639,0,0.253,0.47
732,732,-4.506,2.10E-06,0.0759,0.0128
733,733,-10.066,0,0.312,0.173
734,734,-7.041,1.60E-06,0.141,0.0949
735,735,-10.171,9.09E-06,0.425,0.466
736,736,-4.057,5.12E-06,0.144,0.121
737,737,-5.697,0,0.238,0.256
738,738,-8.136,0,0.403,0.0888
739,739,-5.83,0,0.0511,0.443
740,740,-3.627,5.49E-05,0.0272,0.0104
741,741,-3.28,0,0.0572,0.0721
742,742,-5.617,1.05E-05,0.0392,0.143
743,743,-3.258,0,0.0952,0.0904
744,744,-3.503,3.68E-06,0.108,0.0426
745,745,-8.041,6.46E-05,0.0305,0.657
746,746,-5.91,0,0.0536,0.704
747,747,-8.621,0.000285,0.0295,0.183
748,748,-2.856,0,0.0838,0.0209
749,749,-6.492,0.751,0.1,0.181
750,750,-3.904,0.000552,0.0632,0.168
751,751,-6.006,0,0.0296,0.0361
752,752,-7.371,0,0.0393,0.00481
753,753,-6.693,0.0308,0.113,0.114
754,754,-4.549,0,0.0911,0.0845
755,755,-3.677,0.000332,0.25,0.32
756,756,-4.244,0.00134,0.042,0.076
757,757,-7.065,0.000221,0.189,0.123
758,758,-6.731,4.23E-06,0.0424,0.199
759,759,-7.818,0,0.0377,0.641
760,760,-4.875,0,0.0504,0.519
761,761,-6.794,0,0.0767,0.305
762,762,-2.903,0,0.0582,0.134
763,763,-5.967,0,0.102,0.56
764,764,-7.045,1.05E-05,0.0333,0.163
765,765,-10.311,0,0.0351,0.56
766,766,-7.176,1.36E-06,0.0532,0.479
767,767,-4.209,0,0.0343,0.288
768,768,-8.824,0.000307,0.0453,0.207
769,769,-12.518,5.62E-06,0.0349,0.845
770,770,-10.499,0,0.0365,0.576
771,771,-7.159,5.71E-06,0.0324,0.0151
772,772,-5.465,1.54E-06,0.0399,0.153
773,773,-12.697,0.000139,0.0442,0.201
774,774,-16.011,3.55E-06,0.0339,0.484
775,775,-9.512,4.72E-06,0.159,0.0561
776,776,-14.567,4.22E-05,0.0263,0.593
777,777,-9.62,0,0.0326,0.554
778,778,-7.695,0.161,0.0452,0.0039
779,779,-3.419,7.51E-06,0.0329,0.333
780,780,-7.029,0,0.168,0.0584
781,781,-9.584,0.0192,0.0419,0.267
782,782,-4.374,1.38E-05,0.0333,0.304
783,783,-5.285,2.11E-05,0.0376,0.264
784,784,-4.922,0.00696,0.0652,0.00994
785,785,-10.842,0.00197,0.0372,0.152
786,786,-6.957,0.000673,0.105,0.125
787,787,-3.243,7.55E-06,0.0313,0.343
788,788,-9.129,6.86E-06,0.106,0.603
789,789,-8.238,0,0.118,0.257
790,790,-5.415,8.85E-06,0.0285,0.0209
791,791,-5.762,0.00106,0.0607,0.135
792,792,-7.784,3.82E-05,0.0341,0.74
793,793,-7.519,0.00101,0.037,0.263
794,794,-5.983,0,0.387,0.105
795,795,-5.862,0,0.0328,0.712
796,796,-7.892,1.97E-05,0.0619,0.732
797,797,-4.74,0,0.0458,0.542
798,798,-14.104,0.00544,0.0316,0.983
799,799,-7.862,0.0285,0.0315,0.316
800,800,-8.69,0.00506,0.0273,0.575
801,801,-6.251,0.0489,0.0236,0.0206
802,802,-5.82,0.000232,0.115,0.157
803,803,-13.262,0,0.0315,0.771
804,804,-9.883,0.00131,0.0342,0.731
805,805,-9.102,0.0674,0.0268,0.515
806,806,-9.753,0,0.0288,0.749
807,807,-6.612,0.00142,0.0355,0.235
808,808,-3.632,0,0.158,0.039
809,809,-7.818,0,0.0377,0.641
810,810,-8.822,2.89E-06,0.0355,0.857
811,811,-6.945,0.000123,0.166,0.209
812,812,-3.866,3.05E-06,0.0275,0.578
813,813,-3.073,0,0.322,0.107
814,814,-5.466,0,0.0603,0.0687
815,815,-1.357,0.000353,0.201,0.235
816,816,-4.713,0.0147,0.23,0.0125
817,817,-3.679,5.18E-06,0.0561,0.0185
818,818,-3.231,0,0.0342,0.345
819,819,-3.976,5.07E-06,0.0316,0.659
820,820,-3.606,0,0.0553,0.434
821,821,-6.496,4.58E-05,0.0359,0.398
822,822,-3.979,0,0.115,0.636
823,823,-4.692,0,0.0647,0.248
824,824,-5.646,0,0.0323,0.432
825,825,-3.575,1.53E-05,0.0352,0.287
826,826,-5.772,7.10E-06,0.0513,0.332
827,827,-4.837,0,0.0782,0.375
828,828,-3.515,0,0.0375,0.622
829,829,-3.824,0.000851,0.0259,0.507
830,830,-7.443,6.68E-06,0.027,0.558
831,831,-6.736,0.000102,0.0405,0.115
832,832,-3.546,0.000203,0.0295,0.168
833,833,-7.35,1.09E-06,0.0326,0.106
834,834,-4.667,0.00211,0.0332,0.198
835,835,-6.179,0.00023,0.0292,0.675
836,836,-6.48,0.0107,0.0353,0.394
837,837,-5.548,1.54E-06,0.0328,0.183
838,838,-11.329,0,0.0337,0.0534
839,839,-9.054,1.57E-06,0.0239,0.243
840,840,-12.115,0.0064,0.0725,0.038
841,841,-6.961,0,0.0338,0.0981
842,842,-11.903,0,0.043,0.195
843,843,-9.766,0,0.0672,0.16
844,844,-14.53,5.97E-05,0.0688,0.823
845,845,-13.606,0,0.0417,0.165
846,846,-9.858,0,0.0296,0.603
847,847,-8.956,3.39E-05,0.0474,0.202
848,848,-6.782,0,0.378,0.172
849,849,-3.186,0,0.207,0.16
850,850,-3.301,0,0.332,0.152
851,851,-6.977,1.23E-06,0.0533,0.00248
852,852,-8.73,0,0.235,0.0949
853,853,-7.203,0,0.434,0.399
854,854,-6.79,0,0.27,0.15
855,855,-5.16,0,0.263,0.0594
856,856,-5.553,0.022,0.106,0.0368
857,857,-4.855,0,0.349,0.367
858,858,-4.915,2.49E-06,0.0432,0.106
859,859,-5.923,0,0.0769,0.0386
860,860,-5.963,0.000942,0.229,0.00849
861,861,-4.61,0,0.0523,0.0945
862,862,-3.735,0,0.147,0.252
863,863,-3.655,0,0.0477,0.0937
864,864,-3.558,0.00185,0.076,0.14
865,865,-4.54,0,0.0539,0.162
866,866,-3.813,0,0.176,0.316
867,867,-2.897,0,0.144,0.101
868,868,-3.726,0.000284,0.182,0.422
869,869,-7.905,0,0.262,0.534
870,870,-6.912,0,0.0397,0.416
871,871,-9.71,0,0.0376,0.0764
872,872,-10.645,0,0.0345,0.332
873,873,-9.859,1.81E-05,0.0378,0.586
874,874,-10.729,0,0.0533,0.143
875,875,-8.221,0,0.0411,0.202
876,876,-8.793,0,0.0444,0.471
877,877,-8.078,0,0.0463,0.0979
878,878,-4.699,0,0.112,0.0183
879,879,-3.398,0,0.109,0.0338
880,880,-8.238,0,0.118,0.257
881,881,-5.81,1.14E-05,0.0332,0.198
882,882,-5.976,0,0.0732,0.0572
883,883,-4.938,0,0.0782,0.194
884,884,-4.551,1.53E-06,0.03,0.0227
885,885,-7.161,0,0.108,0.314
886,886,-3.092,0,0.154,0.159
887,887,-7.674,0,0.138,0.0586
888,888,-8.521,0.000181,0.0578,0.654
889,889,-6.662,0,0.0621,0.529
890,890,-8.064,0.00782,0.045,0.692
891,891,-9.541,9.17E-05,0.0601,0.565
892,892,-5.589,4.93E-06,0.0289,0.612
893,893,-10.276,0,0.0421,0.63
894,894,-9.513,0.00257,0.0455,0.39
895,895,-7.725,0,0.0586,0.426
896,896,-5.686,0.000104,0.0457,0.214
897,897,-5.563,0.000119,0.0278,0.82
898,898,-9.115,1.58E-06,0.074,0.491
899,899,-5.698,0,0.0321,0.233
900,900,-7.818,0,0.0377,0.641
901,901,-4.77,0,0.0725,0.24
902,902,-5.881,0,0.0427,0.528
903,903,-6.913,4.82E-05,0.0352,0.524
904,904,-6.373,0,0.0392,0.328
905,905,-7.738,0,0.0504,0.425
906,906,-6.89,0,0.0303,0.109
907,907,-11.088,6.40E-05,0.0302,0.642
908,908,-8.141,0,0.119,0.0109
909,909,-8.504,0,0.0628,0.0564
910,910,-11.596,0,0.0999,0.0948
911,911,-6.846,0,0.0562,0.256
912,912,-10.233,0,0.0845,0.00542
913,913,-6.618,0,0.0542,0.0457
914,914,-5.331,0,0.227,0.137
915,915,-3.05,0,0.0595,0.0383
916,916,-6.113,1.14E-06,0.315,0.00931
917,917,-6.902,0,0.221,0.0049
918,918,-21.356,0.867,0.0597,0.9
919,919,-25.997,0.929,0.045,0.922
920,920,-29.966,0.943,0.0514,0.995
921,921,-25.367,0.897,0.0447,0.989
922,922,-35.441,0.897,0.0444,0.994
923,923,-22.496,0.916,0.072,0.988
924,924,-30.533,0.934,0.043,0.995
925,925,-21.859,0.0897,0.037,0.847
926,926,-11.509,9.94E-05,0.0448,0.951
927,927,-32.307,0.922,0.0426,0.995
928,928,-7.34,0,0.0511,0.316
929,929,-6.673,0,0.106,0.0267
930,930,-11.548,0.00366,0.29,0.455
931,931,-6.013,1.97E-06,0.193,0.104
932,932,-9.156,1.30E-06,0.0601,0.253
933,933,-10.426,1.10E-06,0.12,0.554
934,934,-7.092,0,0.212,0.536
935,935,-11.94,0.165,0.0494,0.506
936,936,-10.238,1.28E-06,0.225,0.874
937,937,-11.626,0,0.28,0.756
938,938,-8.744,0.000268,0.0326,0.557
939,939,-1.583,0.00648,0.061,0.0431
940,940,-13.184,0,0.0309,0.642
941,941,-12.909,5.01E-05,0.0356,0.499
942,942,-5.294,1.16E-05,0.171,0.45
943,943,-11.165,0.000155,0.0374,0.602
944,944,-9.327,0.0001,0.056,0.522
945,945,-8.124,0.00041,0.0512,0.381
946,946,-9.292,1.20E-05,0.0504,0.503
947,947,-10.146,0,0.0302,0.725
948,948,-1.583,0.00648,0.061,0.0431
949,949,-8.899,0.00102,0.0321,0.486
950,950,-7.625,0.0132,0.0565,0.69
951,951,-6.474,1.53E-05,0.135,0.634
952,952,-12.909,5.01E-05,0.0356,0.499
953,953,-5.294,1.16E-05,0.171,0.45
954,954,-11.165,0.000155,0.0374,0.602
955,955,-14.309,2.01E-05,0.0333,0.774
956,956,-13.94,5.92E-06,0.0863,0.349
957,957,-8.397,0.0101,0.0776,0.0731
958,958,-5.537,0.00237,0.0412,0.0587
959,959,-7.639,0,0.0748,0.0964
960,960,-12.377,4.51E-05,0.0334,0.534
961,961,-6.393,0.000486,0.0411,0.391
962,962,-6.274,0.000182,0.0322,0.0738
963,963,-5.207,2.84E-06,0.0519,0.11
964,964,-8.726,0.00139,0.025,0.565
965,965,-6.474,1.53E-05,0.135,0.634
966,966,-5.609,0,0.171,0.242
967,967,-0.155,0,0.0747,0.163
968,968,-6.965,9.31E-05,0.0356,0.0746
969,969,-6.684,0,0.4,0.0671
970,970,-6.192,9.19E-06,0.0459,0.0111
971,971,-7.739,0,0.0388,0.00452
972,972,-9.341,7.11E-06,0.0359,0.166
973,973,-8.177,6.40E-06,0.028,0.205
974,974,-7.979,2.41E-06,0.0325,0.0887
975,975,-8.385,0,0.0429,0.0182
976,976,-6.602,0.000764,0.0293,0.00863
977,977,-6.324,0,0.033,0.123
978,978,-12.098,3.70E-05,0.0536,0.334
979,979,-10.904,0.000228,0.33,0.469
980,980,-6.354,0,0.0894,0.291
981,981,-8.899,0.00102,0.0321,0.486
982,982,-7.787,3.35E-05,0.0321,0.923
983,983,-11.54,2.23E-05,0.0742,0.418
984,984,-6.278,0.00806,0.0468,0.114
985,985,-7.554,0.000507,0.0327,0.223
986,986,-4.944,9.34E-06,0.0392,0.214
987,987,-9.918,0.265,0.452,0.132
988,988,-18.359,0,0.922,0.557
989,989,-18.703,0,0.939,0.614
990,990,-17.636,0,0.947,0.772
991,991,-19.942,0,0.949,0.669
992,992,-19.468,0,0.944,0.586
993,993,-19.688,0,0.947,0.63
994,994,-18.887,0,0.961,0.792
995,995,-19.842,0,0.933,0.535
996,996,-21.931,0,0.961,0.777
997,997,-19.565,0,0.95,0.743
998,998,-6.506,4.54E-06,0.0761,0.00178
999,999,-6.069,0.000461,0.0422,0.00752
1000,1000,-6.457,0,0.0308,0.323
1001,1001,-6.472,0,0.0438,0.0404
1002,1002,-6.97,0.000158,0.0276,0.363
1003,1003,-11.1,7.42E-05,0.0288,0.721
1004,1004,-11.3,4.71E-06,0.0339,0.29
1005,1005,-9.686,0.00431,0.0278,0.00746
1006,1006,-7.937,1.56E-05,0.0387,0.165
1007,1007,-9.461,9.15E-06,0.0284,0.0519
1008,1008,-3.159,0,0.0638,0.00428
1009,1009,-4.203,3.81E-05,0.0337,0.00704
1010,1010,-7.595,0,0.0476,0.0204
1011,1011,-3.707,0,0.102,0.088
1012,1012,-4.478,2.30E-06,0.0719,0.0674
1013,1013,-8.788,3.48E-06,0.0809,0.0675
1014,1014,-4.28,0,0.0538,5.59E-05
1015,1015,-3.389,0,0.124,0.01
1016,1016,-3.995,0.00687,0.0806,0.012
1017,1017,-3.925,0,0.202,0.259
1018,1018,-7.636,0.000227,0.0267,0.649
1019,1019,-8.189,0.000213,0.0288,0.623
1020,1020,-16.842,0.0176,0.0463,0.48
1021,1021,-15.269,0.00199,0.0803,0.0652
1022,1022,-23.455,0.000197,0.0382,0.843
1023,1023,-11.183,0.00105,0.0421,0.798
1024,1024,-8.227,3.44E-05,0.115,0.868
1025,1025,-7.912,0.0951,0.144,0.52
1026,1026,-8.072,0.000344,0.0358,0.519
1027,1027,-9.382,0.0379,0.0361,0.355
1028,1028,-9.484,0.000494,0.027,0.00574
1029,1029,-10.39,4.95E-06,0.0318,0.343
1030,1030,-11.568,0.00266,0.0421,0.599
1031,1031,-7.246,6.94E-05,0.069,0.0966
1032,1032,-10.385,0.0789,0.0285,0.0603
1033,1033,-12.749,0.000222,0.0311,0.946
1034,1034,-12.336,0.00281,0.0282,0.494
1035,1035,-12.855,0.0421,0.0265,0.536
1036,1036,-11.684,1.28E-05,0.026,0.721
1037,1037,-9.811,0.0013,0.0267,0.378
1038,1038,-5.877,0.105,0.052,2.23E-05
1039,1039,-4.172,0.000137,0.0508,0.000643
1040,1040,-7.036,0.00124,0.041,0.00014
1041,1041,-5.721,0.765,0.0518,1.88E-05
1042,1042,-3.291,0.00654,0.0636,0.00043
1043,1043,-4.804,0.108,0.152,0.000856
1044,1044,-4.998,0.828,0.0448,7.81E-06
1045,1045,-4.439,0.0715,0.0361,2.42E-05
1046,1046,-3.685,0,0.0836,0.0107
1047,1047,-6.821,0.0202,0.196,0.00406
1048,1048,-6.156,0.000855,0.0385,0.0102
1049,1049,-3.871,0.0049,0.0719,0.00076
1050,1050,-3.713,0.285,0.0351,0.0709
1051,1051,-3.249,0.0777,0.0452,8.74E-05
1052,1052,-4.557,0.0226,0.0391,0.0946
1053,1053,-4.583,0.00332,0.0268,0.0285
1054,1054,-8.169,0.0082,0.0268,0.439
1055,1055,-3.993,2.36E-05,0.0361,0.0964
1056,1056,-6.208,0.273,0.0343,0.00596
1057,1057,-5.283,0.000236,0.0994,0.22
1058,1058,-6.827,0,0.267,0.327
1059,1059,-7.736,0,0.334,0.0973
1060,1060,-6.7,0.00332,0.246,0.0996
1061,1061,-6.371,0,0.321,0.0987
1062,1062,-8.045,1.46E-05,0.335,0.266
1063,1063,-8.333,3.12E-06,0.336,0.359
1064,1064,-5.652,0,0.268,0.664
1065,1065,-9.441,1.52E-05,0.35,0.328
1066,1066,-6.518,0,0.309,0.0243
1067,1067,-6.432,0,0.468,0.715
1068,1068,-5.767,0,0.0633,0.00486
1069,1069,-12.437,0.000116,0.0342,0.000972
1070,1070,-3.845,2.16E-05,0.0524,0.0271
1071,1071,-11.121,0.764,0.116,0.0748
1072,1072,-6.246,0.701,0.0316,0.109
1073,1073,-7.689,0.898,0.0279,0.339
1074,1074,-11.271,0.605,0.0648,0.34
1075,1075,-10.679,0.707,0.0328,0.185
1076,1076,-12.975,1.21E-06,0.0752,0.459
1077,1077,-6.48,0.109,0.0312,0.00371
1078,1078,-9.529,2.00E-05,0.0536,0.308
1079,1079,-8.314,0.000223,0.045,0.255
1080,1080,-8.053,8.66E-06,0.0996,0.607
1081,1081,-7.229,2.55E-05,0.0265,0.22
1082,1082,-9.02,0.109,0.0737,0.0713
1083,1083,-6.553,1.52E-05,0.038,0.61
1084,1084,-19.197,0.0967,0.0433,0.896
1085,1085,-11.989,0.00104,0.0471,0.832
1086,1086,-10.98,0.0197,0.04,0.662
1087,1087,-7.911,1.34E-05,0.0331,0.828
1088,1088,-5.946,0,0.269,0.143
1089,1089,-2.261,0.000532,0.0664,0.103
1090,1090,-7.905,0,0.332,0.0281
1091,1091,-5.653,1.85E-05,0.0545,0.0482
1092,1092,-2.832,8.01E-06,0.269,0.0296
1093,1093,-4.932,0.000113,0.0464,0.126
1094,1094,-7.198,0,0.283,0.105
1095,1095,-5.324,4.11E-05,0.0978,0.0555
1096,1096,-5.833,0,0.235,0.107
1097,1097,-6.304,0,0.246,0.0398
1098,1098,-5.328,0.000106,0.136,0.33
1099,1099,-10.523,0.0537,0.0357,0.0977
1100,1100,-6.668,8.60E-06,0.251,0.031
1101,1101,-5.511,0,0.395,0.0383
1102,1102,-5.423,0,0.458,0.326
1103,1103,-2.134,0.000427,0.0792,0.0543
1104,1104,-6.176,0,0.339,0.155
1105,1105,-4.489,0,0.164,0.000931
1106,1106,-5.431,2.10E-05,0.097,0.00712
1107,1107,-4.593,0,0.0308,0.0261
1108,1108,-13.945,4.10E-06,0.0316,0.551
1109,1109,-6.901,0,0.0277,0.198
1110,1110,-7.32,0.00269,0.0306,0.736
1111,1111,-6.549,5.16E-06,0.0301,0.0643
1112,1112,-5.082,0.000163,0.0369,0.105
1113,1113,-9.442,0.000351,0.0308,0.788
1114,1114,-9.632,1.91E-05,0.0274,0.235
1115,1115,-5.195,0.0934,0.0849,0.0529
1116,1116,-7.472,0.0134,0.0252,0.114
1117,1117,-22.507,0.0292,0.0448,0.994
1118,1118,-21.396,0.341,0.0335,0.99
1119,1119,-19.115,0.779,0.0333,0.946
1120,1120,-15.755,0.853,0.041,0.733
1121,1121,-25.362,0.838,0.0415,0.859
1122,1122,-18.535,0.317,0.0355,0.969
1123,1123,-17.101,0.691,0.036,0.897
1124,1124,-29.484,0.446,0.0367,0.957
1125,1125,-13.82,0.955,0.0368,0.753
1126,1126,-21.067,0.943,0.0385,0.754
1127,1127,-8.045,0.298,0.028,0.00487
1128,1128,-10.142,0.000155,0.0386,0.123
1129,1129,-3.366,0.0543,0.0283,0.043
1130,1130,-6.217,0.0138,0.0418,0.149
1131,1131,-5.594,0.0196,0.0515,0.589
1132,1132,-9.913,0.0111,0.0275,0.707
1133,1133,-4.267,0.0402,0.0391,0.00268
1134,1134,-6.022,0.855,0.0278,0.0823
1135,1135,-4.892,0.000886,0.0375,0.577
1136,1136,-10.02,0.057,0.0597,0.415
1137,1137,-2.692,0,0.207,0.0351
1138,1138,-4.682,0,0.223,0.0394
1139,1139,-7.682,9.43E-06,0.247,0.0474
1140,1140,-6.186,1.68E-06,0.14,0.274
1141,1141,-5.058,5.29E-06,0.352,0.00602
1142,1142,-5.819,0.0431,0.221,1.70E-05
1143,1143,-7.178,3.28E-05,0.374,0.00776
1144,1144,-4.964,2.80E-06,0.318,0.02
1145,1145,-6.405,0,0.232,0.0424
1146,1146,-3.914,0,0.182,0.103
1147,1147,-4.787,0,0.153,0.198
1148,1148,-7.818,0,0.0377,0.641
1149,1149,-5.517,0.00042,0.0513,0.238
1150,1150,-3.652,0,0.0389,0.0391
1151,1151,-4.346,0,0.178,0.226
1152,1152,-6.075,0,0.101,0.443
1153,1153,-4.529,4.89E-06,0.059,0.42
1154,1154,-6.758,0,0.0405,0.79
1155,1155,-3.922,0,0.046,0.0248
1156,1156,-4.078,0,0.0741,0.127
1157,1157,-5.83,0,0.027,0.257
1158,1158,-3.493,3.27E-06,0.0402,0.025
1159,1159,-5.534,0,0.0281,0.164
1160,1160,-4.353,0,0.0296,0.252
1161,1161,-5.088,0,0.0252,0.231
1162,1162,-2.994,1.74E-05,0.037,0.11
1163,1163,-4.952,2.79E-06,0.0338,0.0615
1164,1164,-5.968,0,0.0396,0.0799
1165,1165,-4.834,0,0.0331,0.231
1166,1166,-3.318,0,0.0772,0.117
1167,1167,-5.417,0,0.0406,0.398
1168,1168,-4.135,0,0.0397,0.378
1169,1169,-6.017,4.79E-05,0.0672,0.228
1170,1170,-8.195,0,0.0479,0.312
1171,1171,-9.097,0,0.0526,0.467
1172,1172,-7.63,4.40E-06,0.0617,0.263
1173,1173,-7.322,5.08E-05,0.0433,0.218
1174,1174,-4.717,0.000218,0.0314,0.223
1175,1175,-8.117,6.80E-06,0.0323,0.301
1176,1176,-5.347,0,0.0298,0.383
1177,1177,-3.061,0,0.0449,0.171
1178,1178,-3.48,0,0.072,0.0398
1179,1179,-5.025,0,0.0622,0.253
1180,1180,-5.128,1.49E-06,0.047,0.579
1181,1181,-4.713,0,0.0499,0.351
1182,1182,-4.126,1.48E-05,0.0282,0.0079
1183,1183,-3.857,0,0.0378,0.399
1184,1184,-3.109,0,0.0411,0.109
1185,1185,-2.876,6.62E-06,0.0573,0.00537
1186,1186,-6.102,0.193,0.0432,0.0333
1187,1187,-15.231,8.06E-05,0.0341,0.92
1188,1188,-10.522,1.58E-05,0.0491,0.742
1189,1189,-10.334,0,0.03,0.818
1190,1190,-7.543,0,0.0801,0.686
1191,1191,-11.143,0,0.0302,0.763
1192,1192,-11.745,7.76E-06,0.0326,0.635
1193,1193,-13.507,0.0152,0.031,0.92
1194,1194,-11.528,0,0.4,0.753
1195,1195,-15.755,3.52E-06,0.0301,0.91
1196,1196,-19.203,8.07E-06,0.0327,0.862
1197,1197,-3.912,0.00378,0.0531,0.00897
1198,1198,-5.217,2.77E-06,0.03,0.0391
1199,1199,-5.29,0.000132,0.0329,0.222
1200,1200,-7.975,0.0123,0.0659,0.00608
1201,1201,-4.254,0,0.0375,0.00437
1202,1202,-4.774,0.000164,0.0349,0.00861
1203,1203,-5.55,0.00174,0.0512,0.0995
1204,1204,-6.162,0,0.0501,0.045
1205,1205,-4.86,0.81,0.0616,0.00342
1206,1206,-3.878,0,0.0766,0.0366
1207,1207,-5.668,0,0.0755,0.0111
1208,1208,-5.442,0,0.277,0.00212
1209,1209,-4.939,0,0.323,0.0527
1210,1210,-6.417,0,0.221,0.0574
1211,1211,-4.623,0,0.0683,0.0313
1212,1212,-6.261,0,0.0708,0.0497
1213,1213,-6.934,1.95E-06,0.0348,0.0315
1214,1214,-9.383,0,0.0859,0.00811
1215,1215,-2.775,6.99E-06,0.0708,0.017
1216,1216,-5.109,0,0.345,0.0745
1217,1217,-6.33,1.78E-06,0.0794,0.0889
1218,1218,-3.845,0,0.0278,0.0664
1219,1219,-6.056,0,0.0255,0.138
1220,1220,-5.841,6.22E-06,0.0778,0.0701
1221,1221,-8.06,0,0.0285,0.3
1222,1222,-7.426,3.05E-05,0.0442,0.202
1223,1223,-2.013,7.78E-05,0.0912,0.0435
1224,1224,-7.997,8.48E-05,0.0359,0.0635
1225,1225,-6.203,0,0.0406,0.0879
1226,1226,-4.036,1.14E-05,0.0316,0.0184
1227,1227,-5.64,0,0.0366,0.0115
1228,1228,-8.444,1.37E-06,0.0479,0.362
1229,1229,-14.451,0.0299,0.0347,0.589
1230,1230,-6.042,7.75E-05,0.061,0.000373
1231,1231,-4.199,2.05E-05,0.0975,0.00501
1232,1232,-13.251,0.118,0.0302,0.294
1233,1233,-4.906,0,0.032,0.0457
1234,1234,-7.41,0.009,0.0273,0.0857
1235,1235,-11.248,2.75E-05,0.0304,0.179
1236,1236,-14.224,0.0418,0.0266,0.576
1237,1237,-12.472,2.48E-06,0.0293,0.189
1238,1238,-11.893,0,0.0423,0.271
1239,1239,-15.557,0.00406,0.0366,0.322
1240,1240,-9.247,5.70E-05,0.0519,0.0294
1241,1241,-6.943,0,0.051,0.297
1242,1242,-12.882,1.94E-06,0.0424,0.42
1243,1243,-13.817,0,0.0424,0.117
1244,1244,-10.547,6.08E-06,0.0309,0.138
1245,1245,-12.806,0.000101,0.0348,0.286
1246,1246,-9.222,0.0047,0.0825,0.201
1247,1247,-7.818,0,0.0377,0.641
1248,1248,-10.631,0,0.0357,0.823
1249,1249,-11.675,1.43E-05,0.031,0.747
1250,1250,-10.632,0,0.0315,0.566
1251,1251,-19.971,0,0.044,0.928
1252,1252,-12.589,4.83E-06,0.0372,0.545
1253,1253,-12.672,0,0.0401,0.629
1254,1254,-14.212,0,0.0364,0.807
1255,1255,-9.877,0,0.0341,0.317
1256,1256,-14.298,0,0.0372,0.747
1257,1257,-7.818,0,0.0377,0.641
1258,1258,-5.705,0,0.0544,0.321
1259,1259,-10.975,0,0.07,0.523
1260,1260,-8.986,2.25E-06,0.0331,0.315
1261,1261,-10.719,0.00124,0.0426,0.321
1262,1262,-12.314,2.69E-05,0.0556,0.358
1263,1263,-4.377,0,0.108,0.194
1264,1264,-9.294,0,0.151,0.454
1265,1265,-9.308,0,0.0887,0.284
1266,1266,-6.809,7.99E-06,0.0248,0.0784
1267,1267,-6.205,0,0.0386,0.0183
1268,1268,-7.315,0,0.0267,0.0465
1269,1269,-12.605,1.35E-05,0.028,0.0775
1270,1270,-6.157,3.60E-05,0.0265,0.00515
1271,1271,-10.185,1.33E-05,0.0322,0.536
1272,1272,-6.344,2.92E-05,0.0341,0.000299
1273,1273,-7.011,0,0.0262,0.516
1274,1274,-18.466,0,0.0272,0.0766
1275,1275,-4.324,0,0.0253,0.472
1276,1276,-4.491,1.57E-05,0.0345,0.00993
1277,1277,-14.014,2.45E-06,0.0351,0.912
1278,1278,-16.768,0,0.0332,0.919
1279,1279,-16.093,0,0.0571,0.882
1280,1280,-13.967,0,0.0306,0.9
1281,1281,-12.322,0,0.0425,0.854
1282,1282,-20.047,0.0575,0.0339,0.939
1283,1283,-12.204,0,0.0352,0.88
1284,1284,-16.651,0,0.0323,0.776
1285,1285,-10.476,0,0.0366,0.822
1286,1286,-13.6,0,0.0309,0.782
1287,1287,-6.098,6.13E-05,0.0506,0.0569
1288,1288,-4.81,0.000358,0.0397,0.0261
1289,1289,-6.328,0.00112,0.139,0.0476
1290,1290,-5.113,3.29E-06,0.0353,0.147
1291,1291,-6.448,0.00717,0.223,0.0269
1292,1292,-7.668,1.22E-05,0.0342,0.245
1293,1293,-6.222,0.000289,0.097,0.0778
1294,1294,-4.565,0.00265,0.0602,0.0653
1295,1295,-7.457,0.000346,0.0304,0.0588
1296,1296,-4.489,2.07E-05,0.044,0.0916
1297,1297,-7.818,0,0.0377,0.641
1298,1298,-3.756,0,0.0476,0.00414
1299,1299,-4.07,1.69E-05,0.226,0.00431
1300,1300,-4.048,0,0.0562,0.0452
1301,1301,-7.501,9.75E-05,0.0289,0.574
1302,1302,-2.955,0,0.0658,0.0344
1303,1303,-5.235,0,0.103,0.502
1304,1304,-10.436,0,0.323,0.43
1305,1305,-6.158,2.28E-05,0.0275,0.406
1306,1306,-6.475,0,0.305,0.589
1307,1307,-5.194,0.000478,0.0496,0.105
1308,1308,-7.818,0,0.0377,0.641
1309,1309,-6.346,0.00127,0.0792,0.0848
1310,1310,-5.529,9.14E-06,0.233,0.0472
1311,1311,-5.454,3.77E-06,0.226,0.00736
1312,1312,-4.81,0.000122,0.0549,0.135
1313,1313,-5.115,3.54E-06,0.0707,0.00305
1314,1314,-5.236,2.88E-06,0.067,0.0159
1315,1315,-7.93,0,0.151,0.273
1316,1316,-5.096,0,0.12,0.0218
1317,1317,-8.39,0,0.291,0.341
1318,1318,-6.269,2.41E-06,0.211,0.0733
1319,1319,-6.924,0.000493,0.0709,0.00402
1320,1320,-7.298,0,0.148,0.0492
1321,1321,-7.907,0,0.236,0.213
1322,1322,-7.667,4.48E-05,0.264,0.276
1323,1323,-7.649,2.82E-06,0.113,0.184
1324,1324,-9.472,0,0.148,0.0514
1325,1325,-8.353,0.00341,0.0752,0.096
1326,1326,-4.675,4.16E-05,0.0714,0.485
1327,1327,-23.269,0.917,0.0354,0.944
1328,1328,-28.208,0.972,0.0381,0.982
1329,1329,-25.262,0.906,0.0548,0.994
1330,1330,-13.764,0.896,0.0351,0.987
1331,1331,-20.874,0.913,0.0385,0.982
1332,1332,-23.487,0.795,0.0407,0.961
1333,1333,-18.839,0.893,0.0463,0.948
1334,1334,-17.316,0.92,0.0368,0.944
1335,1335,-21.389,0.498,0.0425,0.969
1336,1336,-25.191,0.898,0.0409,0.991
1337,1337,-7.343,0,0.0567,0.689
1338,1338,-8.157,9.54E-06,0.0342,0.0374
1339,1339,-15.949,0,0.0345,0.609
1340,1340,-13.785,0.00167,0.0378,0.63
1341,1341,-12.083,0,0.04,0.673
1342,1342,-11.757,0,0.0664,0.7
1343,1343,-20.132,0,0.0482,0.799
1344,1344,-9.307,0.000115,0.0261,0.0621
1345,1345,-13.787,0,0.0267,0.478
1346,1346,-11.17,0,0.0258,0.376
1347,1347,-8.074,0.000164,0.14,0.227
1348,1348,-6.49,1.80E-06,0.0478,0.0616
1349,1349,-4.753,0,0.12,0.206
1350,1350,-6.161,0,0.0305,0.0421
1351,1351,-6.822,0,0.108,0.00689
1352,1352,-7.097,0,0.0387,0.0255
1353,1353,-9.74,0,0.317,0.0847
1354,1354,-6.47,0,0.0429,0.0485
1355,1355,-7.824,0,0.188,0.0732
1356,1356,-3.916,0,0.0275,0.00935
1357,1357,-32.452,0.936,0.047,0.984
1358,1358,-30.928,0.881,0.0509,0.992
1359,1359,-27.528,0.897,0.0419,0.992
1360,1360,-24.698,0.913,0.041,0.99
1361,1361,-25.933,0.866,0.0475,0.991
1362,1362,-31.047,0.945,0.12,0.991
1363,1363,-32.97,0.869,0.0516,0.995
1364,1364,-31.768,0.85,0.04,0.983
1365,1365,-30.904,0.952,0.0362,0.991
1366,1366,-30.88,0.953,0.041,0.993
1367,1367,-7.818,0,0.0377,0.641
1368,1368,-6.725,0.000626,0.0244,0.173
1369,1369,-7.608,0.0166,0.0413,0.221
1370,1370,-3.823,7.31E-05,0.0306,0.0694
1371,1371,-7.926,0,0.0317,0.132
1372,1372,-5.075,2.82E-06,0.0303,0.21
1373,1373,-12.501,0.00191,0.0288,0.238
1374,1374,-4.979,0.00381,0.0286,0.458
1375,1375,-7.219,0.00217,0.029,0.125
1376,1376,-4.472,0.000203,0.0302,0.429
1377,1377,-11.729,5.33E-06,0.0312,0.732
1378,1378,-9.883,0,0.0327,0.314
1379,1379,-9.149,0,0.0362,0.753
1380,1380,-9.072,0.00046,0.0291,0.36
1381,1381,-5.254,0,0.0303,0.451
1382,1382,-5.087,5.24E-06,0.0384,0.0247
1383,1383,-10.005,0.0223,0.0287,0.35
1384,1384,-5.424,0,0.0434,0.154
1385,1385,-9.999,2.46E-05,0.0308,0.643
1386,1386,-11.208,3.43E-06,0.0324,0.601
1387,1387,-5.079,0.000252,0.0472,0.0245
1388,1388,-4.179,0,0.034,0.028
1389,1389,-4.154,0,0.0474,0.0337
1390,1390,-3.405,0.000914,0.0841,0.129
1391,1391,-4.124,0,0.0619,0.0305
1392,1392,-4.846,1.03E-05,0.041,0.219
1393,1393,-6.865,0,0.033,0.0169
1394,1394,-4.612,0,0.0473,0.269
1395,1395,-2.528,0.000347,0.0438,0.00235
1396,1396,-4.254,0,0.0375,0.00437
1397,1397,-7.432,1.54E-06,0.0323,0.741
1398,1398,-8.086,7.37E-05,0.0294,0.554
1399,1399,-6.396,0,0.0877,0.609
1400,1400,-12.731,0,0.0751,0.937
1401,1401,-10.756,0.000942,0.0269,0.65
1402,1402,-7.349,0,0.0363,0.488
1403,1403,-5.827,7.81E-05,0.0332,0.891
1404,1404,-9.174,0,0.0396,0.517
1405,1405,-3.558,4.45E-06,0.0308,0.701
1406,1406,-8.141,1.30E-06,0.0304,0.764
1407,1407,-16.485,0.353,0.0381,0.673
1408,1408,-15.499,1.48E-06,0.0276,0.813
1409,1409,-9.194,0.000326,0.0379,0.869
1410,1410,-13.633,0,0.0579,0.835
1411,1411,-13.668,0,0.0717,0.808
1412,1412,-15.142,0,0.0385,0.749
1413,1413,-12.009,9.58E-05,0.0448,0.984
1414,1414,-11.622,0,0.0796,0.617
1415,1415,-14.261,4.82E-05,0.0328,0.885
1416,1416,-15.167,8.44E-05,0.0336,0.707
1417,1417,-5.525,0.000124,0.0364,0.499
1418,1418,-16.357,2.05E-06,0.0397,0.425
1419,1419,-10.364,4.65E-05,0.0353,0.699
1420,1420,-7.861,0,0.0533,0.563
1421,1421,-10.226,3.71E-06,0.0281,0.443
1422,1422,-15.182,0.00684,0.044,0.851
1423,1423,-11.326,0,0.0622,0.241
1424,1424,-9.243,0.00134,0.032,0.831
1425,1425,-17.393,0.000242,0.0745,0.00654
1426,1426,-5.503,8.13E-05,0.373,0.47
1427,1427,-8.636,1.87E-06,0.109,0.0642
1428,1428,-7.521,3.17E-06,0.0276,0.234
1429,1429,-8.402,0.000144,0.0352,0.334
1430,1430,-9.483,3.94E-05,0.0332,0.755
1431,1431,-12.312,0.000183,0.0722,0.578
1432,1432,-5.294,1.16E-05,0.171,0.45
1433,1433,-8.022,0.0014,0.111,0.732
1434,1434,-6.875,0,0.0753,0.319
1435,1435,-11.958,0.0021,0.0312,0.78
1436,1436,-4.13,0.00784,0.0461,0.158
1437,1437,-15.549,0.0146,0.107,0.589
1438,1438,-13.94,5.92E-06,0.0863,0.349
1439,1439,-8.594,0.00202,0.0246,0.826
1440,1440,-7.514,0.000436,0.0376,0.635
1441,1441,-10.641,0.000528,0.0465,0.306
1442,1442,-8.946,1.08E-06,0.0285,0.645
1443,1443,-12.164,0.000154,0.0396,0.277
1444,1444,-11.134,0.000502,0.0362,0.519
1445,1445,-13.684,0.000442,0.0495,0.492
1446,1446,-10.211,5.92E-05,0.0463,0.266
1447,1447,-8.177,0,0.0341,0.487
1448,1448,-6.249,1.23E-06,0.0516,0.722
1449,1449,-4.543,0,0.0379,0.197
1450,1450,-5.577,0,0.0283,0.74
1451,1451,-6.62,4.92E-06,0.0339,0.301
1452,1452,-4.372,2.13E-05,0.0446,0.744
1453,1453,-6.66,1.45E-05,0.0401,0.807
1454,1454,-5.931,0.000102,0.0274,0.267
1455,1455,-8.143,0.000126,0.0292,0.395
1456,1456,-7.068,1.53E-05,0.0412,0.704
1457,1457,-8.237,0,0.0466,0.585
1458,1458,-6.393,0.000486,0.0411,0.391
1459,1459,-3.057,0.000304,0.051,0.12
1460,1460,-5.005,0,0.0416,0.633
1461,1461,-8.411,0,0.0289,0.399
1462,1462,-4.635,0.00271,0.0387,0.329
1463,1463,-5.924,2.62E-05,0.0549,0.431
1464,1464,-3.93,0,0.0915,0.0188
1465,1465,-8.184,0.000308,0.0428,0.598
1466,1466,-6.059,0.000691,0.0402,0.463
1467,1467,-6.278,2.41E-06,0.024,0.0454
1468,1468,-4.838,0,0.0313,0.203
1469,1469,-4.811,0,0.0322,0.47
1470,1470,-3.437,0,0.0852,0.0172
1471,1471,-3.747,0,0.14,0.263
1472,1472,-2.784,0,0.0316,0.0084
1473,1473,-6.498,0,0.047,0.0122
1474,1474,-5.884,0,0.0588,0.385
1475,1475,-6.253,1.54E-05,0.0339,0.0556
1476,1476,-7.61,8.12E-06,0.0334,0.0296
1477,1477,-7.568,0.0483,0.11,0.731
1478,1478,-7.525,1.26E-05,0.0364,0.295
1479,1479,-9.815,5.82E-05,0.0373,0.00536
1480,1480,-6.32,5.17E-05,0.0314,0.687
1481,1481,-13.101,9.79E-06,0.164,0.0303
1482,1482,-7.274,0.00272,0.0762,0.725
1483,1483,-3.18,1.72E-05,0.0554,0.134
1484,1484,-6.057,0.00279,0.0442,0.0169
1485,1485,-5.23,0,0.044,0.438
1486,1486,-5.377,0,0.0292,0.463
1487,1487,-13.184,0,0.0309,0.642
1488,1488,-9.327,0.0001,0.056,0.522
1489,1489,-10.778,0,0.0434,0.789
1490,1490,-7.967,0,0.0571,0.656
1491,1491,-5.793,0,0.0561,0.54
1492,1492,-10.146,0,0.0302,0.725
1493,1493,-9.238,1.93E-06,0.0706,0.768
1494,1494,-9.486,0.00222,0.0504,0.136
1495,1495,-1.266,0.00254,0.0955,0.289
1496,1496,-8.537,0.001,0.0419,0.366
1497,1497,-4.601,0.00909,0.0705,0.0318
1498,1498,-5.188,0.00401,0.0669,0.0286
1499,1499,-5.671,0.00141,0.059,0.000739
1500,1500,-6.839,0.107,0.0558,0.088
1501,1501,-4.657,0.000148,0.0908,0.0263
1502,1502,-6.215,0.338,0.0355,0.0346
1503,1503,-5.004,0.000275,0.0508,0.00754
1504,1504,-5.373,3.56E-05,0.0321,0.00562
1505,1505,-5.399,0.021,0.0456,0.0337
1506,1506,-4.829,0.000121,0.0772,0.147
