INSERT INTO Department (deptid, depname, building) VALUES
  (1, 'Biology', 'Smith Hall'),
  (2, 'English', 'Park Hall'),
  (3, 'Math', 'Boyd');

INSERT INTO Professor (profid, fname, lname, deptid) VALUES
  (1, 'John', 'Smith', 1),
  (2, 'Maria', 'Johnson', 2),
  (3, 'Robert', 'Davis', 1),
  (4, 'Emily', 'Wilson', 2), 
  (5, 'Mike', 'Harper', 3);

INSERT INTO Student (stid, fname, lname, depid) VALUES
  (1, 'Michael', 'Brown', 1),
  (2, 'Olivia', 'Miller', 2),
  (3, 'Ethan', 'Davis', 3),
  (4, 'Sophia', 'Wilson', 2),
  (5, 'Liam', 'Johnson', 1),
  (6, 'Ava', 'Martinez', 2),
  (7, 'Isabella', 'Smith', 1),
  (8, 'Noah', 'Moore', 2),
  (9, 'Oliver', 'Garcia', 1),
  (10, 'Charlotte', 'Brown', 2),
  (11, 'Sophie', 'Hernandez', 1),
  (12, 'Elijah', 'Lopez', 2),
  (13, 'Amelia', 'Taylor', 1),
  (14, 'Mason', 'Harris', 2),
  (15, 'Benjamin', 'Clark', 1),
  (16, 'Harper', 'Young', 2),
  (17, 'Ella', 'Lewis', 1),
  (18, 'William', 'Thompson', 2),
  (19, 'Nora', 'Anderson', 1),
  (20, 'Logan', 'Walker', 2),
  (21, 'Aiden', 'King', 1),
  (22, 'Mia', 'Carter', 2),
  (23, 'Lucas', 'Adams', 1),
  (24, 'Ella', 'Wilson', 2),
  (25, 'Noah', 'Turner', 1),
  (26, 'Olivia', 'Harris', 2),
  (27, 'Liam', 'Hall', 3),
  (28, 'Mia', 'Moore', 2),
  (29, 'Elijah', 'Diaz', 1),
  (30, 'Oliver', 'Davis', 2),
  (31, 'Aria', 'Martinez', 1),
  (32, 'Amelia', 'Garcia', 2),
  (33, 'Ethan', 'Walker', 1),
  (34, 'Isabella', 'Smith', 2),
  (35, 'Charlotte', 'Miller', 1),
  (36, 'Henry', 'Lewis', 2),
  (37, 'Avery', 'Hernandez', 1),
  (38, 'Harper', 'Jones', 2),
  (39, 'Sophia', 'Clark', 3),
  (40, 'Liam', 'Hall', 2),
  (41, 'Mia', 'Wright', 1),
  (42, 'Olivia', 'Moore', 2),
  (43, 'Elijah', 'Perez', 1),
  (44, 'Oliver', 'Garcia', 2),
  (45, 'Aria', 'Young', 1),
  (46, 'Amelia', 'Anderson', 2),
  (47, 'Ethan', 'Taylor', 1),
  (48, 'Isabella', 'King', 2),
  (49, 'Charlotte', 'Turner', 1),
  (50, 'Henry', 'Walker', 2),
  (51, 'Avery', 'Carter', 1),
  (52, 'Harper', 'Williams', 2),
  (53, 'Sophia', 'Thompson', 1),
  (54, 'Liam', 'Davis', 2),
  (55, 'Mia', 'Hernandez', 1),
  (56, 'Olivia', 'Harris', 3),
  (57, 'Elijah', 'Hall', 1),
  (58, 'Oliver', 'Martin', 2),
  (59, 'Aria', 'Wilson', 1),
  (60, 'Amelia', 'Gonzalez', 2),
  (61, 'Ethan', 'Johnson', 1),
  (62, 'Isabella', 'Smith', 2),
  (63, 'Charlotte', 'Turner', 1),
  (64, 'Henry', 'Anderson', 2),
  (65, 'Avery', 'Lewis', 1),
  (66, 'Harper', 'King', 2),
  (67, 'Sophia', 'Davis', 1),
  (68, 'Liam', 'Hall', 2),
  (69, 'Mia', 'Wright', 1),
  (70, 'Olivia', 'Moore', 2),
  (71, 'Elijah', 'Diaz', 1),
  (72, 'Oliver', 'Garcia', 2),
  (73, 'Aria', 'Young', 1),
  (74, 'Amelia', 'Anderson', 3),
  (75, 'Ethan', 'Taylor', 1),
  (76, 'Isabella', 'King', 2),
  (77, 'Charlotte', 'Turner', 1),
  (78, 'Henry', 'Walker', 2),
  (79, 'Avery', 'Carter', 1),
  (80, 'Harper', 'Williams', 2),
  (81, 'Sophia', 'Thompson', 1),
  (82, 'Liam', 'Davis', 2),
  (83, 'Mia', 'Hernandez', 1),
  (84, 'Olivia', 'Harris', 2),
  (85, 'Elijah', 'Hall', 1),
  (86, 'Oliver', 'Martin', 2),
  (87, 'Aria', 'Wilson', 3),
  (88, 'Amelia', 'Gonzalez', 2),
  (89, 'Ethan', 'Johnson', 1),
  (90, 'Isabella', 'Smith', 2),
  (91, 'Charlotte', 'Turner', 3),
  (92, 'Henry', 'Anderson', 2),
  (93, 'Avery', 'Lewis', 1),
  (94, 'Harper', 'King', 2),
  (95, 'Sophia', 'Davis', 1),
  (96, 'Liam', 'Hall', 2),
  (97, 'Mia', 'Wright', 1),
  (98, 'Olivia', 'Moore', 3),
  (99, 'Elijah', 'Perez', 1),
  (100, 'Oliver', 'Garcia', 3),
  (101, 'Aria', 'Young', 3),
  (102, 'Amelia', 'Anderson', 2),
  (103, 'Ethan', 'Taylor', 3);

INSERT INTO Course (cid, cname, profid, credit) VALUES
  (1, 'Algebra', 1, 3),
  (2, 'Physics 101', 2, 4),
  (3, 'History of the World', 3, 3),
  (4, 'Geometry', 1, 3),
  (5, 'Biology 101', 4, 4),
  (6, 'Chemistry 101', 2, 4),
  (7, 'Literature 101', 3, 3),
  (8, 'Programming 101', 1, 3);

INSERT INTO Enrollment (eid, stid, cid, grade) VALUES
  (1, 1, 8, 85),
  (2, 1, 5, 92),
  (3, 2, 3, 88),
  (4, 34, 3, 75),
  (5, 27, 1, 91),
  (6, 89, 4, 79),
  (7, 44, 4, 85),
  (8, 44, 2, 92),
  (9, 20, 2, 88),
  (10, 102, 3, 75),
  (11, 30, 1, 91),
  (12, 4, 4, 79), 
  (13, 16, 6, 79),
  (14, 68, 7, 83),
  (15, 6, 8, 80),
  (16, 21, 6, 75),
  (17, 1, 7, 92);
